{
  "model_type": "xgboost",
  "feature_dim": 480,
  "n_train": 53866,
  "n_val": 10798,
  "n_test": 4634,
  "extraction_time_sec": 160.01788997650146,
  "train_time_sec": 41.983304023742676,
  "val": {
    "accuracy": 0.9985182441192814,
    "precision": 0.9988876529477196,
    "recall": 0.9981474620229714,
    "f1": 0.9985174203113417,
    "roc_auc": 0.9999931730544921,
    "eer": 0.0014817559315521743,
    "eer_threshold": 0.4336712062358856,
    "confusion_matrix": [
      [
        5394,
        6
      ],
      [
        10,
        5388
      ]
    ],
    "per_class_accuracy": {
      "real": 0.9988888888888889,
      "fake": 0.9981474620229714
    }
  },
  "test": {
    "accuracy": 0.4922313336210617,
    "precision": 1.0,
    "recall": 0.007172995780590718,
    "f1": 0.014243820695433599,
    "roc_auc": 0.9254176544259068,
    "eer": 0.14587563924796115,
    "eer_threshold": 0.0037925960496068,
    "confusion_matrix": [
      [
        2264,
        0
      ],
      [
        2353,
        17
      ]
    ],
    "per_class_accuracy": {
      "real": 1.0,
      "fake": 0.007172995780590718
    }
  }
}